<?xml version="1.0" encoding="UTF-8"?>
<project-private xmlns="http://www.netbeans.org/ns/project-private/1">
    <editor-bookmarks xmlns="http://www.netbeans.org/ns/editor-bookmarks/2" lastBookmarkId="0"/>
    <open-files xmlns="http://www.netbeans.org/ns/projectui-open-files/2">
        <group>
            <file>file:/D:/Assignment%201%20-%20Question%201%20-%20ST10344544/Student_Management_Application/src/student_management_application/Student_Management_Application.java</file>
            <file>file:/D:/Assignment%201%20-%20Question%201%20-%20ST10344544/Student_Management_Application/src/student_management_application/Student.java</file>
            <file>file:/D:/Assignment%201%20-%20Question%201%20-%20ST10344544/Student_Management_Application/test/student_management_application/StudentTest.java</file>
        </group>
    </open-files>
</project-private>
